ngram,C_svc,C_lgs,alpha_nb,weight_svc,weight_lgs,weight_nb,accuracy_total,accuracy_01,label_0_precision,label_0_recall,label_0_count,label_1_precision,label_1_recall,label_1_count,label_2_precision,label_2_recall,label_2_count
1,3.7,1.6,0.01,5,1,1,0.9342161376972214,0.7810420570061789,0.864696855836047,0.758252853380158,67.8,0.894053350339297,0.795626873567272,106.6,0.9461887399183524,0.9749813814932043,655.6
1,3.7,1.6,0.01,3,1,1,0.933009280235459,0.770683713469442,0.8692445821100516,0.7492976294995609,67.8,0.8965053454040453,0.7843590195732675,106.6,0.9437234674396248,0.9762018246136661,655.6
